{
	"format_version": "1.8.0",
	"animations": {
		"animation.model.slash1": {
			"animation_length": 0.2917,
			"bones": {
				"Head": {
					"rotation": {
						"0.0": [0, 0, 0],
						"0.0417": [0, 10, 0]
					}
				},
				"Body": {
					"rotation": {
						"0.0": [0, 0, 0],
						"0.0417": [0, 2.5, 0],
						"0.0833": [0, 15, 0],
						"0.1667": [0, 15, 0],
						"0.25": [0, 22.5, 0]
					}
				},
				"RightArm": {
					"rotation": {
						"0.0": [0, 0, 0],
						"0.0417": [-24.86294, -3.17755, -96.81901],
						"0.0833": [-75.84627, -0.61168, -87.57594],
						"0.125": [-102.88372, -0.35047, -91.37107],
						"0.1667": [-129.92184, -1.0684, -89.25297],
						"0.2083": [-140.92837, -1.34424, -90.29422],
						"0.25": [-175.03815, 0.00007, -90.00334],
						"0.2917": [165.05564, 0.09886, -89.35595]
					},
					"position": {
						"0.0": [0, 0, 0],
						"0.0417": [0.5, 0.25, -1],
						"0.0833": [-0.3, 0.94, -0.75],
						"0.1667": [-0.57, 1.06, -0.25],
						"0.2083": [-0.7, 1, 0.25],
						"0.25": [-1.5, 0.75, 0],
						"0.2917": [-0.5, 0.75, 2.25]
					}
				},
				"LeftArm": {
					"rotation": {
						"0.0": [0, 0, 0],
						"0.0417": [12.5, 0, 0],
						"0.0833": [20, 0, 0],
						"0.25": [27.5, 0, 0]
					}
				},
				"RightLeg": {
					"rotation": {
						"0.0": [0, 0, 0],
						"0.0417": [-14.64435, 4.40302, 8.98471]
					},
					"position": {
						"0.0": [0, 0, 0],
						"0.0417": [-0.5, 0, -1]
					}
				},
				"LeftLeg": {
					"rotation": {
						"0.0": [0, 0, 0],
						"0.0417": [14.85108, 1.72794, -9.85108]
					},
					"position": {
						"0.0": [0, 0, 0],
						"0.0417": [0.75, 0, 1.25]
					}
				}
			}
		}
	}
}