{
	"format_version": "1.8.0",
	"animations": {
		"animation.model.slashyoko": {
			"animation_length": 0.2917,
			"bones": {
				"Head": {
					"rotation": {
						"0.0": [0, 0, 0],
						"0.0417": [0, 10, 0]
					}
				},
				"Body": {
					"rotation": {
						"0.0": [0, 0, 0],
						"0.0417": [0, 2.5, 0],
						"0.0833": [0, 15, 0],
						"0.1667": [0, 15, 0],
						"0.25": [0, 22.5, 0]
					}
				},
				"RightArm": {
					"rotation": {
						"0.0": [0, 0, 0],
						"0.0417": [-90, -65, 0],
						"0.0833": [-90, -14.16667, 0],
						"0.1667": [-90, 30, 0],
						"0.25": [-90, 85, 0],
						"0.2917": [89.99999, 85, 179.99999]
					},
					"position": {
						"0.0": [0, 0, 0],
						"0.0417": [0.5, 0, -0.75],
						"0.2083": [-0.7, 0, 0],
						"0.25": [-1.5, 0, 0],
						"0.2917": [-1.25, 0, 0.25]
					}
				},
				"LeftArm": {
					"rotation": {
						"0.0": [0, 0, 0],
						"0.0417": [12.5, 0, 0],
						"0.0833": [20, 0, 0],
						"0.25": [27.5, 0, 0]
					}
				},
				"RightLeg": {
					"rotation": {
						"0.0": [0, 0, 0],
						"0.0417": [-14.64435, 4.40302, 8.98471]
					},
					"position": {
						"0.0": [0, 0, 0],
						"0.0417": [-0.5, 0, -1]
					}
				},
				"LeftLeg": {
					"rotation": {
						"0.0": [0, 0, 0],
						"0.0417": [14.85108, 1.72794, -9.85108]
					},
					"position": {
						"0.0": [0, 0, 0],
						"0.0417": [0.75, 0, 1.25]
					}
				}
			}
		}
	}
}