{
	"format_version": "1.8.0",
	"animations": {
		"animation.vtvkit.attack": {
			"animation_length": 0.6667,
			"bones": {
				"rightarm": {
					"rotation": {
						"0.0": [0, 0, 0],
						"0.25": [-195, 0, 0],
						"0.2917": [-195, 0, 0],
						"0.3333": [-195, 0, 0],
						"0.4167": [-40, 0, 0],
						"0.5417": [-26.94093, -5.73576, -11.12501]
					},
					"position": {
						"0.0": [0, 0, 0],
						"0.0417": [0, 0.2, -0.9],
						"0.0833": [0, 0.86, -1.5],
						"0.125": [0, 1.52, -2],
						"0.1667": [0, 2.18, -2],
						"0.2083": [0, 2.84, -2],
						"0.25": [0, 3.5, -0.5],
						"0.2917": [0, 3.5, -0.5],
						"0.3333": [0, 3.5, -0.5],
						"0.4167": [0, 0, -2],
						"0.5417": [0, -2, -2.6]
					},
					"scale": 1
				}
			}
		},
		"animation.vtvkit.scythe": {
			"animation_length": 1.125,
			"bones": {
				"head": {
					"rotation": {
						"0.0": [0, 0, 0],
						"0.3333": [12.5, 0, 0],
						"0.5": [12.5, 0, 0],
						"0.6667": [12.5, 0, 0],
						"0.875": [27.5, 0, 0],
						"1.0": [17.5, 0, 0],
						"1.125": [0, 0, 0]
					},
					"position": {
						"0.0": [0, 0, 0],
						"0.1667": [0, -1, 0],
						"0.3333": [0, 0.5, -0.5],
						"0.5": [0, 0.5, -0.5],
						"0.6667": [0, 0.5, -0.5],
						"0.875": [0, -0.5, 0],
						"1.0": [0, 0.5, 0],
						"1.125": [0, 0, 0]
					}
				},
				"body": {
					"rotation": {
						"0.0": [0, 0, 0],
						"0.3333": [35, 0, 0],
						"0.5": [35, 0, 0],
						"0.6667": [35, 0, 0],
						"1.0": [5, 0, 0],
						"1.125": [0, 0, 0]
					},
					"position": {
						"0.0": [0, 0, 0],
						"0.1667": [0, -1, 0],
						"0.3333": [0, 0, -2],
						"0.5": [0, 0, -2],
						"0.6667": [0, 0, -2],
						"0.875": [0, -1, -3],
						"1.0": [0, 0, -2],
						"1.125": [0, 0, 0]
					}
				},
				"leftarm": {
					"rotation": {
						"0.0": [0, 0, 0],
						"0.0833": [-25, 0, 27.5],
						"0.1667": [-83.48457, 39.8173, 31.68273],
						"0.3333": [84.91558, -24.94499, -150.35947],
						"0.5": [84.91558, -24.94499, -150.35947],
						"0.6667": [84.91558, -24.94499, -150.35947],
						"1.0": [118.07825, -58.19452, -144.18398],
						"1.125": [0, 0, 0]
					},
					"position": {
						"0.0": [0, 0, 0],
						"0.0833": [-1, 0, -1],
						"0.1667": [-0.5, -0.5, -0.5],
						"0.3333": [-0.5, 1.5, 0.5],
						"0.5": [-0.5, 1.5, 0.5],
						"0.6667": [-0.5, 1.5, 0.5],
						"0.875": [-0.5, 0, -1],
						"1.0": [-0.5, 0.5, -0.5],
						"1.125": [0, 0, 0]
					}
				},
				"rightarm": {
					"rotation": {
						"0.0": [0, 0, 0],
						"0.0833": [-46.43389, -8.99608, -2.36079],
						"0.1667": [-93.93389, -8.99608, -2.36079],
						"0.3333": [-87.47577, -13.88714, 7.69922],
						"0.5": [-87.47577, -13.88714, 7.69922],
						"0.6667": [-87.47577, -13.88714, 7.69922],
						"0.875": [18.51313, -29.78306, 40.39425],
						"1.0": [-25, 0, 0],
						"1.125": [0, 0, 0]
					},
					"position": {
						"0.0": [0, 0, 0],
						"0.0833": [0.5, 0, -1],
						"0.1667": [0, 0, -1],
						"0.3333": [0.5, 2, -5],
						"0.5": [0.5, 2, -5],
						"0.6667": [0.5, 2, -5],
						"0.875": [-1, 1, -2],
						"1.0": [0, 0, -3],
						"1.125": [0, 0, 0]
					}
				},
				"leftleg": {
					"rotation": {
						"0.0": [0, 0, 0],
						"0.1667": [52.5, 0, 0],
						"0.3333": [52.5, 0, 0],
						"0.5": [52.5, 0, 0],
						"0.6667": [52.5, 0, 0],
						"0.875": [2.5, 0, 0],
						"1.0": [-10, 0, 0],
						"1.125": [0, 0, 0]
					},
					"position": {
						"0.0": [0, 0, 0],
						"0.1667": [0, -0.5, 0],
						"0.3333": [0, 1.5, 1],
						"0.5": [0, 1.5, 1],
						"0.6667": [0, 1.5, 1],
						"0.875": [0, 0.5, -1],
						"1.0": [0, 0, -2],
						"1.125": [0, 0, 0]
					},
					"scale": {
						"0.0": [1, 1, 1],
						"0.0833": [1, 1, 1]
					}
				},
				"rightleg": {
					"rotation": {
						"0.0": [0, 0, 0],
						"0.3333": [20, 0, 0],
						"0.5": [20, 0, 0],
						"0.6667": [20, 0, 0],
						"0.875": [-15.85686, -5.90316, 16.50371],
						"1.0": [10, 0, 0],
						"1.125": [0, 0, 0]
					},
					"position": {
						"0.0": [0, 0, 0],
						"0.3333": [0, 1, 1],
						"0.5": [0, 1, 1],
						"0.6667": [0, 1, 1],
						"0.875": [-1, 0, -2],
						"1.0": [0, 0, -1],
						"1.125": [0, 0, 0]
					}
				}
			}
		}
	}
}