{
	"format_version": "1.8.0",
	"animations": {
		"animation.1234": {
			"animation_length": 0.5,
			"bones": {
				"Head": {
					"rotation": {
						"0.0": [0, 0, 0],
						"0.0417": [0, 5, 0]
					}
				},
				"Body": {
					"rotation": {
						"0.0": [0, 0, 0],
						"0.0417": [0, 2.5, 0],
						"0.0833": [0, 16.67, 0]
					}
				},
				"RightArm": {
					"rotation": {
						"0.0": [0, 0, 0],
						"0.0417": [-37.44245, 6.12942, -42.99397],
						"0.1667": [-20.76226, -19.24839, -77.61567],
						"0.25": [-13.11419, -21.74815, -85.16633],
						"0.2917": [-38.10085, -5.05562, -92.59811],
						"0.3333": [-64.60356, -8.05172, -91.52144],
						"0.375": [-91.56261, -7.97704, -86.47209],
						"0.4583": [-156.56261, -7.97704, -86.47209],
						"0.5": [-181.56261, -7.97704, -86.47209]
					},
					"position": {
						"0.0": [0, 0, 0],
						"0.0417": [0.75, 0.25, -0.75],
						"0.1667": [1.25, 0.25, -1],
						"0.3333": [1.25, 0.65, -1],
						"0.375": [0.5, 0.75, -1],
						"0.4583": [-1, 0.75, 0.25],
						"0.5": [-1, 0.75, 1.5]
					}
				},
				"LeftArm": {
					"rotation": {
						"0.0": [0, 0, 0],
						"0.0833": [10, 0, 0],
						"0.25": [17.5, 0, 0],
						"0.2917": [20, 0, 0],
						"0.375": [27.29887, 3.45533, -6.66067],
						"0.4167": [27.14233, 4.59902, -8.88927]
					}
				},
				"RightLeg": {
					"rotation": {
						"0.0": [0, 0, 0],
						"0.0417": [0, 0, 12.5]
					},
					"position": {
						"0.0": [0, 0, 0],
						"0.0417": [-0.25, 0, -1]
					}
				},
				"LeftLeg": {
					"rotation": {
						"0.0": [0, 0, 0],
						"0.0417": [0, 0, -12.5]
					},
					"position": {
						"0.0": [0, 0, 0],
						"0.0417": [0.75, 0, 1]
					}
				}
			}
		}
	}
}